tag,answer
online_card_correction,জাতীয় পরিচয়পত্র সংক্রান্ত সকল সেবার জন্য ওয়েব পোর্টালের ঠিকানা হলো services.nidw.gov.bd/
online_apply,"যেসকল আবেদন অনলাইন পোর্টালের মাধ্যমে করা যায় তা হলো (১) নতুন ভোটার নিবন্ধন বা এনআইডি এর জন্য আবেদন, (২) জাতীয় পরিচয় পত্র সংশোধন (৩) হারানো (৪) নষ্ট (৫) মাইগ্রেশন পরবর্তী রিইস্যু আবেদন।"
online_no_apply,"যেসকল আবেদন অনলাইন পোর্টালের মাধ্যমে করা যায়না তা হলো (১) ভোটার এলাকা পরিবর্তন, (২) ছবি, স্বাক্ষর ও আঙ্গুলের ছাপ পরিবর্তন সংক্রান্ত আবেদন।"
online_new_voter_registration,অনলাইন পোর্টালের মাধ্যমে নতুন ভোটার নিবন্ধনের জন্য ভিজিট করুন services.nidw.gov.bd অতঃপর “আবেদন করুন” বাটনে ক্লিক করে প্রয়োজনীয় তথ্য সরবরাহ করুন।
online_portal_registration,"অনলাইন পোর্টালের মাধ্যমে জাতীয় পরিচয় পত্র সংশোধন, স্থায়ী ঠিকানা পরিবর্তন, হারানো/ নষ্ট এনআইডি কার্ড পেতে ভিজিট করুন services.nidw.gov.bd/ অতঃপর “রেজিস্টার করুন” বাটনে ক্লিক করে প্রয়োজনীয় তথ্য সরবরাহ করুন। নির্দেশনা মোতাবেক আপনার ফেস ভেরিফিকেশনের মাধ্যমে রেজিস্ট্রেশন কার্যক্রম সম্পন্ন করুন।"
online_previously_registered,services.nidw.gov.bd/ লিংকে প্রবেশ করে লগইন অপশনে আপনার পূর্বে রেজিস্ট্রিকৃত ইউজার আইডি/ এনআইডি নম্বর এবং পাসওয়ার্ড দিয়ে লগইন করতে পারবেন। যদি ইউজার আইডি ও পাসওয়ার্ড ভুলে গিয়ে থাকেন তাহলে “পাসওয়ার্ড ভুলে গেলে” বাটনে ক্লিক করে প্রয়োজনীয় নির্দেশনা অনুসরন করুন।
login_using_old_id_password,"হ্যাঁ, পারবেন।"
wrong_password_in_registration,"যদি ইউজার আইডি ও পাসওয়ার্ড ভুলে গিয়ে থাকেন তাহলে, “পাসওয়ার্ড ভুলে গেলে” বাটনে ক্লিক করে প্রয়োজনীয় নির্দেশনা অনুসরন করুন।"
no_otp_in_registration,অনাকাঙ্খিত সমস্যার জন্য আমরা আন্তরিকভাবে দুঃখিত। ওটিপি আসতে কিছুটা সময় লাগতে পারে। অনুগ্রহপুর্বক অপেক্ষা করুন অথবা কিছুক্ষণ পর “পুনরায় পাঠান” বাটনে ক্লিক করুন।
account_locked,ভুল তথ্য দিয়ে রেজিস্ট্রেশন বা লগইনের চেষ্টা করা হলে স্বয়ংক্রিয়ভাবে একাউন্টটি লক হয়ে যায়। অনুগ্রহপূর্বক সঠিক তথ্য দিয়ে আট ঘন্টা পর পুনরায় চেষ্টা করুন।
account_locked_retrials,ভুল তথ্য দিয়ে রেজিস্ট্রেশন বা লগইনের জন্য তিনবারের অধিক চেষ্টা করা হলে স্বয়ংক্রিয়ভাবে একাউন্ট সাময়িক সময়ের জন্য লক করে দেওয়া হয়। অনুগ্রহপূর্বক সঠিক তথ্য দিয়ে আট ঘন্টা পর পুনরায় চেষ্টা করুন।
eight_hours_time_up,আপনার এই প্রশ্নের উত্তরটি জানতে ৯ বাটন চেপে কল সেন্টার প্রতিনিধির সঙ্গে সরাসরি কথা বলুন।
nid_wallet_download,Google Playstore অথবা অ্যাপল স্টোর থেকে এনআইডি Wallet অ্যাপটি ডাউনলোড করতে পারবেন।
nid_wallet_download_iphone,এ্যাপল স্টোর থেকে এনআইডি Wallet অ্যাপটি ডাউনলোড করতে পারবেন।
nid_wallet_download_alternative,Google Playstore অথবা অ্যাপল স্টোর থেকে এনআইডি Wallet ডাউনলোড করা না গেলে আপনার কানেকটিভিটি যাচাই করুন এবং পুনরায় চেষ্টা করুন।
no_android_phone,অনুগ্রহপূর্বক অন্য কোনো Android Phone ব্যবহারকারীর সাহায্য নিয়ে ফেস ভেরিফিকেশন সম্পন্ন করুন। এক্ষেত্রে এনআইডি একাউন্ট রেজিস্ট্রেশনের সময় আপনার ইউজার আইডি এবং গোপন পাসওয়ার্ড দিয়ে একাউন্টটি সুরক্ষিত করতে ভুলবেন না।
no_face_verification,অনুগ্রহপূর্বক এনআইডি wallet অ্যাপে প্রদর্শিত নির্দেশনা অনুযায়ী সঠিকভাবে আপনার চেহারা ক্যামেরার সামনে তুলে ধরুন। পর্যাপ্ত আলোর ব্যবস্থা আছে কিনা চেক করুন। এরপরেও সমাধান না হয়ে থাকলে অন্য কোনো স্মার্টফোন ব্যবহারকারীর সাহায্য নিয়ে ফেস ভেরিফিকেশন সম্পন্ন করুন।
face_verification_no_next_option,"সাধারনত ফেস ভেরিফিকেশন সম্পন্ন হয়ে গেলে স্বয়ংক্রিয়ভাবে ওয়েবসাইটের পেজটি পরিবর্তন হয়ে যায়। তবে কিছু স্মার্টফোনে Done নামক অপশনটি আসে, সেটিতে প্রেস করে দেখতে পারেন। এরপরেও সমস্যার সমাধান না হলে নিকটতম থানা/উপজেলা নির্বাচন অফিসে গিয়ে সাহায্য নিতে পারেন।"
qr_code_clarification,আপনার স্মার্ট ফোনের এনআইডি Wallet অ্যাপটি ডাউনলোড করুন এবং প্রাপ্ত QR Code টি স্ক্যান করে ফেস ভেরিফিকেশন প্রক্রিয়া সম্পন্ন করুন।
unexpected_online_problem,আপনার এই প্রশ্নের উত্তরটি জানতে ৯ বাটন চেপে কল সেন্টার প্রতিনিধির সঙ্গে সরাসরি কথা বলুন।
no_upzila_in_online_registration,সংশ্লিষ্ট থানা/উপজেলা নির্বাচন অফিসে গিয়ে নির্ধারিত ফর্মে ঠিকানা সংশোধনের আবেদন করুন। আবেদন অনুমোদন হলে অনলাইনে রেজিস্ট্রেশন করতে পারবেন।
form_number_not_working,"আপনি যদি ২০২০ বা তার পরে নতুন ভোটার হয়ে থাকেন সেক্ষেত্রে ফর্ম নম্বরের পূর্বে বড় হাতের অক্ষরে NIDFN লিখুন যেমন, NIDFN ও ফরম নম্বর। এরপরও ব্যর্থ হলে ৯ বাটন চেপে কল সেন্টার প্রতিনিধির সঙ্গে সরাসরি কথা বলুন।"
account_locked_unlock_request,"আমরা আন্তরিকভাবে দুঃখিত, এটি একটি স্বয়ংক্রিয় ব্যবস্থা। তাৎক্ষণিকভাবে আনলক করার সুযোগ নেই। অনুগ্রহপূর্বক আট ঘণ্টা পর সঠিক তথ্য দিয়ে পুনরায় চেষ্টা করুন।"
information_correct_but_account_locked,"আমরা আন্তরিকভাবে দুঃখিত, আপনার দেয়া তথ্যটি সঠিক নয়। সঠিক তথ্য দিয়ে পুনরায় চেষ্টা করুন।"
how_to_apply_for_correction_in_online_portal,প্রথমে services.nidw.gov.bd/ ওয়েবসাইট ভিজিট করে একাউন্ট রেজিস্ট্রেশন করুন এবং নির্ধারিত ফী প্রদান পূর্বক এনআইডি সংশোধনের আবেদন করুন।
wish_to_create_nid_smart_card_new,services.nidw.gov.bd এই ওয়েব পোর্টালে “নতুন নিবন্ধন” অপশনে গিয়ে রেজিষ্ট্রেশন করে লগইন করুন। এরপর নিবন্ধন ফরম পূরন করুন এবং এপয়েন্টমেন্ট অপশন থেকে এপয়েন্টমেন্ট নিন অথবা এসএমএস পাওয়া সাপেক্ষে প্রয়োজনীয় কাগজপত্রসহ সংশ্লিষ্ট থানা/উপজেলা নির্বাচন অফিসে গিয়ে ছবি ও বায়োমেট্রিক প্রদান করুন।
new_voter_online_what_documents_to_submit,"নিবন্ধনের জন্য অনলাইনে পূরণকৃত নিবন্ধন ফর্মের প্রিন্ট কপির সঙ্গে যেসব কাগজপত্র জমা দিতে হবেঃ  
  (১) ১৭ ডিজিটের অনলাইন জন্মসনদের কপি।
  (২) জাতীয়তা/নাগরিকত্ব সনদের কপি।
  (৩) পিতা-মাতা, ভাই-বোনের এনআইডির কপি। পিতা-মাতা মৃত হলে অনলাইন মৃত্যু সনদের কপি।  
  (৪) বিবাহিত হলে স্বামী/ স্ত্রীর এনআইডির কপি।
  (৫) এসএসসি/দাখিল/সমমান অথবা অষ্টম শ্রেণি পাশের সনদের কপি (প্রযোজ্য ক্ষেত্রে)।
 (৬) ইউটিলিটি বিলের (বিদ্যুৎ/গ্যাস/পানি/চৌকিদারী ট্যাক্স রশিদ) ফটোকপি।"
new_voter_pre_condition,"ভোটার হওয়ার পূর্ব শর্তগুলো হলো
  ক) জন্মসূত্রে বাংলাদেশের নাগরিক হতে হবে। 
  খ) বয়স ১৮ বছর কম বয়স্ক নহেন।  
  গ) কোন উপযুক্ত আদালত কর্তৃক অপ্রকৃতিস্থ বলিয়া ঘোষিত নহেন।
  (ঘ) উক্ত ভোটার এলাকা বা ক্ষেত্রমত, নির্বাচনী এলাকার অধিবাসী বা অধিবাসী বলিয়া গণ্য হন।  
  (ঙ) বাংলাদেশ Bangladesh Collaborators (Special Tribunals) order, 1972 (P.O. No. 8 of 1972) এর অধীন কোন অপরাধে দণ্ডিত না হইয়া থাকেন এবং
 (চ) International Crimes (Tribunals) Act, 1973 (Act No. XIX of 1973) এর অধীন কোন অপরাধে দণ্ডিত না হইয়া থাকেন।"
new_nid_card_age,ভোটার হওয়ার জন্য বয়স ১৮ বছর বা তদুর্দ্ধ হতে হয়।
nid_registration_age,যাদের জন্ম তারিখ ১ জানুয়ারি ২০০৮ বা তার পূর্বে তারা এনআইডি নিবন্ধনের জন্য আবেদন করতে পারবে।
underaged_card_holder_to_voter,যে কোন বছরের পহেলা জানুয়ারি ১৮ বছর পূর্ণ হবার সাথে সাথে এনআইডি কার্ডধারী ব্যক্তি ভোটার তালিকার অন্তর্ভুক্ত হয়ে থাকেন।
new_voter_how_to_get_card,"services.nidw.gov.bd এই ওয়েব পোর্টালে প্রবেশ করে নিম্নোক্ত ধাপগুলো অনুসরণ করুন-
  (১) “রেজিস্টার করুন” অপশন থেকে নতুন একটি একাউন্ট করুন।
  (২) লগইন করুন।
 (৩) ডাউনলোড অপশন থেকে আপনার কাঙ্খিত এনআইডি কার্ডের পিডিএফ ডাউনলোড করুন।"
new_voter_smart_card_how_to_get,প্রথমে services.nidw.gov.bd/nid-pub/card-status/ এই ওয়েব পোর্টাল থেকে খোঁজ নিন আপনার স্মার্ট কার্ডটি মূদ্রিত হয়েছে কি না। কার্ডটি মুদ্রিত হয়ে থাকলে সংশ্লিষ্ট উপজেলা বা থানা নির্বাচন অফিস থেকে স্মার্ট কার্ডটি সংগ্রহ করুন।
new_voter_no_messages_from_upzila_or_thana,নিবন্ধন ফর্ম ও অন্যান্য সকল ডকুমেন্টস সহ সংশ্লিষ্ট উপজেলা/থানা নির্বাচন অফিসে যোগাযোগ করুন।
new_voter_registered_where_To_submit_the_downloaded_form,সংশ্লিষ্ট উপজেলা/থানা নির্বাচন অফিসে যোগাযোগ করুন।
new_voter_apply_online_what_documents_needed,"নিবন্ধনের জন্য অনলাইনে পূরণকৃত নিবন্ধন ফর্মের প্রিন্ট কপির সঙ্গে যেসব কাগজপত্র জমা দিতে হবেঃ  
  (১) ১৭ ডিজিটের অনলাইন জন্মসনদের কপি।
  (২) জাতীয়তা/নাগরিকত্ব সনদের কপি।
  (৩) পিতা-মাতা, ভাই-বোনের এনআইডির কপি। পিতা-মাতা মৃত হলে অনলাইন মৃত্যু সনদের কপি।  
  (৪) বিবাহিত হলে স্বামী/ স্ত্রীর এনআইডির কপি।
  (৫) এসএসসি/দাখিল/সমমান অথবা অষ্টম শ্রেণি পাশের সনদের কপি (প্রযোজ্য ক্ষেত্রে)।
 (৬) ইউটিলিটি বিলের (বিদ্যুৎ/গ্যাস/পানি/চৌকিদারী ট্যাক্স রশিদ) ফটোকপি।"
new_voter_fees,নতুন ভোটার অথবা এনআইডি নিবন্ধনের জন্য কোন প্রকার ফি প্রদান করতে হয় না।
voter_halnagad_registration_not_done,services.nidw.gov.bd/ এই পোর্টালে নতুন নিবন্ধনের জন্য আবেদন করুন। এসএমএস-প্রাপ্তি সাপেক্ষে নির্ধারিত ডকুমেন্টসসহ সংশ্লিষ্ট থানা/উপজেলা নির্বাচন অফিসে গিয়ে বায়োমেট্রিক প্রদান করুন। পরবর্তীতে মোবাইলে এসএমএস পাওয়া সাপেক্ষে ঐ একই পোর্টালে রেজিস্ট্রেশন সম্পন্ন করুন এবং লগইন করে এনআইডি ডাউনলোড করুন।
photo_done_years_ago_but_no_card,প্রাপ্তি রশিদসহ সংশিষ্ট উপজেলা/থানা নির্বাচন অফিসে যোগাযোগ করুন।
picture_done_but_lost_or_no_sms_slip,অনুগ্রহ পূর্বক আপনার ভোটার এলাকার সংশ্লিষ্ট জেলা/ উপজেলা/থানা নির্বাচন অফিসে যোগাযোগ করুন।
receipt_lost_how_to_get_new_card,অনুগ্রহ পূর্বক আপনার ভোটার এলাকার সংশ্লিষ্ট জেলা/ উপজেলা/থানা নির্বাচন অফিসে যোগাযোগ করুন।
what_should_be_voter_address,আপনার এই প্রশ্নের উত্তরটি জানতে ৯ বাটন চেপে কল সেন্টার প্রতিনিধির সঙ্গে সরাসরি কথা বলুন।
parent_no_card_failed_to_be_voter,পিতা মাতার অনলাইন জন্ম সনদ বা পাসপোর্ট বা কেবল পিতা মাতা মৃত হলে অনলাইন মৃত্যু সনদের কপি দাখিল করুন।
father_and_my_adress_different,আপনি যদি বাংলাদেশের প্রকৃত নাগরিক হন এবং আপনার যদি অনলাইন জন্ম সনদ থাকে তাহলে আপনি বর্তমান অথবা স্থায়ী যে কোন ঠিকানায় ভোটার হতে পারবেন।
new_voter_card_getting_time,আপনার এই প্রশ্নের উত্তরটি জানতে ৯ বাটন চেপে কল সেন্টার প্রতিনিধির সঙ্গে সরাসরি কথা বলুন।
sms_after_picture_how_many_days,আপনার এই প্রশ্নের উত্তর জানতে ৯ বাটন চেপে কল সেন্টার প্রতিনিধির সঙ্গে সরাসরি কথা বলুন।
new_voter_but_card_rejected,আপনি সংশ্লিষ্ট উপজেলা/থানা নির্বাচন অফিসে যোগাযোগ করে আপনার নতুন ভোটার বাতিল হওয়ার কারণ অনুসন্ধান করতে পারেন। অথবা আপনার এই প্রশ্নের উত্তরটি জানতে ৯ বাটন চেপে কল সেন্টার প্রতিনিধির সঙ্গে সরাসরি কথা বলুন।
new_voter_application_cancelled,আপনি সংশ্লিষ্ট উপজেলা/থানা নির্বাচন অফিসে যোগাযোগ করে আপনার নতুন ভোটার বাতিল হওয়ার কারণ অনুসন্ধান করতে পারেন।
nid_match_found_verification_failed_how_to_solve,এ বিষয়ে সংশ্লিষ্ট উপজেলা/থানা নির্বাচন অফিসে যোগাযোগ করুন ও প্রয়োজনীয় নির্দেশনা গ্রহণ করুন।
new_voter_identifier_who,আবেদনকারীর পিতা-মাতা/ ভাই-বোন/স্বামী-স্ত্রী/চাচা-ফুপু/ মামা-খালা/ স্থায়ীভাবে বসবাসকারী প্রতিবেশী/ স্থানীয়ভাবে পরিচিত ব্যক্তিবর্গ।
photo_sms_but_not_in_upzila_other_when,"দুঃখিত, অন্য কোথাও থেকে ছবি তোলা আপাতত সম্ভব নয়।
 আপনাকে সংশ্লিষ্ট উপজেলা/ থানা নির্বাচন অফিসে যোগাযোগ করে পরবর্তীতে আপনার সুবিধামত সময়ে বায়োমেট্রিক প্রদানের জন্য যেতে হবে।"
wrong_information_in_online_application_what_to_do,সংশ্লিষ্ট নির্বাচন অফিস থেকে আপনার আবেদনটি বাতিল করে পুনরায় সঠিক তথ্য দিয়ে নিবন্ধন সম্পন্ন করুন।
one_mobile_number_how_many_time_registration,একটি মোবাইল নম্বর ব্যবহার করে ৫ বার রেজিষ্ট্রেশন করতে পারবেন।
faster_voter_registration,"ভোটার নিবন্ধন একটি চলমান প্রক্রিয়া, ভোটারযোগ্য যে কোন ব্যক্তি ভোটার তালিকাভুক্ত হওয়ার জন্য আবেদন করতে পারবেন। সংশ্লিষ্ট রেজিষ্ট্রেশন অফিসার নির্ধারিত প্রক্রিয়ায় ভোটার তালিকাভুক্তির ব্যবস্থা করবেন।"
no_own_house_in_voter_area,"আপনি যদি বাংলাদেশের প্রকৃত নাগরিক হন এবং আপনার যদি অনলাইন জন্ম সনদ থাকে তাহলে আপনি বর্তমান অথবা স্থায়ী যে কোন ঠিকানায় ভোটার হতে পারবেন।
  তবে আপনি ভাড়াটিয়া হয়ে থাকলে অতিরিক্ত হিসাবে ভাড়াটিয়া চুক্তিপত্র/ সংশ্লিষ্ট এলাকায় নাগরিকত্ব সনদ/ বাড়িওয়ালার জাতীয় পরিচয়পত্র ও বিদ্যুত বিলের কপি দাখিল করতে হবে।  
 ভূমিহীন হয়ে থাকলে “ভূমিহীন সনদ” সংগ্রহপূর্বক সংশ্লিষ্ট এলাকায় ভোটার হওয়ার জন্য আবেদন করতে পারবেন।"
new_voter_can_not_download_card_with_form_number,অনলাইনে রেজিষ্ট্রেশন প্রক্রিয়াটি সম্পন্ন করার পর “কার্ড ডাউনলোড” অপশনটি না পেলে সংশ্লিষ্ট উপজেলা/থানা নির্বাচন অফিসে যোগাযোগ করুন।
new_voter_application_not_submitted_to_upazila_or_thana_office,সকল কাগজপত্রসহ সংশ্লিষ্ট জেলা নির্বাচন কর্মকর্তার সাথে যোগাযোগ করুন।
new_voter_card_not_taken_has_form_no_can_not_register_online,আপনার এই প্রশ্নের উত্তরটি জানতে ৯ বাটন চেপে কল সেন্টার প্রতিনিধির সঙ্গে সরাসরি কথা বলুন।
reigister_as_new_voter_but_birth_registration_different_address,নতুন ভোটার আবেদনের জন্য অনলাইন জন্ম সনদে উল্লেখিত বর্তমান ও স্থায়ী যে কোন একটি ঠিকানা ব্যবহার করা যাবে।
birth_certificate_and_ssc_certificate_different_information,যাদের শিক্ষাগত যোগ্যতা এসএসসি বা তদুর্দ্ধ রয়েছে তাদের ক্ষেত্রে জন্ম সনদ ও শিক্ষা সনদের তথ্যাদি একই হওয়া আবশ্যক। আপনার জমাকৃত ডকুমেন্টস যাচাই সাপেক্ষে সংশ্লিষ্ট রেজিস্ট্রেশন অফিসার আবেদন অনুমোদন/বাতিলের সিদ্ধান্ত নিতে পারেন।
font_problem_in_new_voter_registration_form,আগের আবেদন বাতিল করে পুনরায় আবেদন করুন।
card_information_correction,চাহিত তথ্যের স্বপক্ষে দলিলাদি দাখিল পূর্বক অনলাইনে সংশোধনের আবেদনের জন্য ভিজিট করুন services.nidw.gov.bd/
name_correction_in_nid_card,"নিজ নাম (বাংলা ও ইংরেজী) এর ক্ষেত্রে অনলাইন জন্ম সনদ (বাংলা ও ইংরেজী), শিক্ষাগত যোগ্যতা এসএসসি বা তার উর্দ্ধে হলে এসএসসি সনদ, অন্যান্য ক্ষেত্রে পি.ই.সি অথবা জেএসসি সনদ, ড্রাইভিং লাইসেন্স (যদি থাকে), পাসপোর্ট (যদি থাকে), সন্তানদের জন্ম সনদ।"
parents_name_correction_new,"পিতা-মাতা এর নাম সংশোধন এর ক্ষেত্রে আপনার শিক্ষাগত যোগ্যতা এসএসসি বা তার উর্দ্ধে হলে এসএসসি সনদ, অন্যান্য ক্ষেত্রে পি.ই.সি অথবা জেএসসি সনদ, পিতা-মাতার জাতীয় পরিচয়পত্র, শিক্ষা সনদ, অনলাইন জন্ম নিবন্ধন সনদ, ভাই-বোনের জাতীয় পরিচয়পত্র, পারিবারিক/ওয়ারিশ সনদ (প্রযোজ্য ক্ষেত্রে)।"
spouse_name_correction_new,"স্বামী/স্ত্রী এর নাম সংশোধন এর জন্য নিকাহনামা (ইসলাম ধর্ম ব্যতীত অন্যান্য ধর্মাবলম্বীদের জন্য বিবাহের প্রত্যয়নপত্র/এফিডেভিট), স্বামী/স্ত্রীর এনআইডি, প্রযোজ্য ক্ষেত্রে তালাকনামা, সন্তানদের জাতীয় পরিচয়পত্র/ শিক্ষা সনদ/ অনলাইন জন্ম নিবন্ধন।"
age_and_dob_correction,"আপনার শিক্ষাগত যোগ্যতা এসএসসি বা তার উর্দ্ধে হলে এসএসসি সনদ, অন্যান্য ক্ষেত্রে পি.ই.সি অথবা জেএসসি সনদ, অনলাইন জন্ম সনদ দাখিলপূর্বক অনলাইনে আবেদন করুন। তবে উল্লেখ্য যে, বিশেষ ক্ষেত্রে কর্তৃপক্ষ অন্যান্য ডকুমেন্টস চাইতে পারেন।"
blood_group_correction,জাতীয় পরিচয়পত্রে রক্তের গ্রুপ অন্তর্ভূক্তির জন্য সংশোধন আবেদনের সাথে ব্লাড গ্রুপ টেস্ট রিপোর্ট জমা দিতে হয়।
birthplace_correction_new,জন্ম স্থান পরিবর্তন করতে হলে অনলাইন জন্ম সনদ ও নাগরিকত্ব সনদ দাখিল করতে হবে।
online_card_correction_application_done_now_what,৩০ কার্যদিবসের মধ্য আবেদনটি নিষ্পত্তি না হয়ে থাকলে সংশ্লিষ্ট উপজেলা/থানা নির্বাচন অফিসে যোগাযোগ করুন।
online_application_pending,আপনার এই প্রশ্নের উত্তরটি জানতে ৯ বাটন চেপে কল সেন্টার প্রতিনিধির সঙ্গে সরাসরি কথা বলুন।
instant_card_correction_fee,"আন্তরিকভাবে দুঃখিত, এনআইডি সংশোধনের ক্ষেত্রে জরুরি কোন ফি নাই।"
ssc_certificate_for_correction,আপনার এই প্রশ্নের উত্তরটি জানতে ৯ বাটন চেপে কল সেন্টার প্রতিনিধির সঙ্গে সরাসরি কথা বলুন।
correction_slip_lost_can_get_card,"হ্যাঁ, সংশোধন অনুমোদন হলে আপনি এনআইডি নম্বর দিয়ে অনলাইনে লগ-ইন করে কার্ডটি ডাউনলোড করতে পারবেন।"
correction_application_current_status,আপনার এই প্রশ্নের উত্তরটি জানতে ৯ বাটন চেপে কল সেন্টার প্রতিনিধির সঙ্গে সরাসরি কথা বলুন।
one_zero_five_upzila_office_contact,আপনার নিকট আত্মীয় মাধ্যমে উপজেলা নির্বাচন অফিসে যোগাযোগ করতে পারেন। তবে আপনার ব্যক্তিগত শুনানি ও দাখিলকৃত দলিলাদির মূলকপি যাচাই-বাছাইয়ের বিষয় হলে অবশ্যই আপনাকে স্ব-শরীরে হাজির হতে হবে।
old_birth_certificate,জন্ম সনদটি অনলাইন করে জমা দিতে হবে
card_correction_fees,"(১) কার্ডে প্রদর্শিত তথ্য ১ম বার সংশোধনের জন্য ২৩০ (ভ্যাটসহ) টাকা, ২য় বার সংশোধনের জন্য ৩৪৫ (ভ্যাটসহ), পরবর্তী প্রতিবারের সংশোধনের জন্য ৪৬০ (ভ্যাটসহ) টাকা
  (২) কার্ডে অপ্রদর্শিত তথ্য (ডাটাবেজ এ রক্ষিত তথ্য) সংশোধনের জন্য ১ম বার ১১৫ (ভ্যাটসহ) টাকা, ২য় বার সংশোধনের জন্য ২৩০ (ভ্যাটসহ) টাকা, পরবর্তী প্রতিবারের সংশোধনের জন্য ৩৪৫ (ভ্যাটসহ) টাকা"
updated_nid_after_correction,"এনআইডি কার্ডের প্রদর্শিত তথ্য যেমন- নিজ নাম, পিতা-মাতার নাম, জন্ম তারিখ ইত্যাদি সংশোধনের আবেদন অনুমোদন করা হলে সংশোধিত কার্ড ডাউনলোড করতে পারবেন কিন্তু অন্যান্য তথ্য সংশোধন হলে ডাউনলোড সম্ভব নয়।"
no_download_option_after_correction,অনুগ্রহপূর্বক সংশ্লিষ্ট থানা/উপজেলা নির্বাচন অফিসে যোগাযোগ করুন।
previous_information_in_downloaded_card_after_correction,সংশ্লিষ্ট থানা/উপজেলা নির্বাচন অফিসে যোগাযোগ করে আপনার অনুমোদিত সংশোধনের বিষয়ে জেনে নিন। এরপরও যদি সংশোধিত তথ্য ডাউনলোকৃত কার্ডে না আসে তাহলে থানা/উপজেলা নির্বাচন অফিস থেকে কার্ডটি মুদ্রণ করে নিতে পারেন।
correction_messages_but_no_update_in_card_no_approve,আপনার এই প্রশ্নের উত্তরটি জানতে ৯ বাটন চেপে কল সেন্টার প্রতিনিধির সঙ্গে সরাসরি কথা বলুন।
photo_signature_change_application_not_approved,সংশ্লিষ্ট জেলা নির্বাচন অফিসে যোগাযোগ করুন
correction_applied_more_correction_needed,আবেদন বাতিল চাইতে পারেন অথবা চাহিত তথ্যাদি সংশোধন সম্পন্ন হওয়ার পর পুনরায় আবেদন করতে পারেন।
way_to_cancel_correction_application,"সংশোধন আবেদনটি বাতিল করার জন্য মহাপরিচালক, জাতীয় পরিচয় নিবন্ধন অনুবিভাগ বরাবর আবেদন লিখে উপজেলা নির্বাচন অফিসে জমা দিন।"
voter_area_change_online,"দুঃখিত, এক্ষেত্রে আপনি যে এলাকায় স্থানান্তর হতে চান সেই উপজেলা/থানা নির্বাচন অফিসে স্বশরীরে আবেদন জমা দিতে হবে।"
dead_people_id_card_update,"মৃত ব্যক্তির উপযুক্ত ওয়ারিশ কর্তৃক অনলাইন মৃত্যু সনদসহ প্রয়োজনীয় দলিলাদি দাখিলপূর্বক মহাপরিচালক, জাতীয় পরিচয় নিবন্ধন অনুবিভাগ বরাবর সংশ্লিষ্ট উপজেলা/থানা নির্বাচন অফিসের মাধ্যমে অথবা সরাসরি নির্বাচন ভবন, ঢাকাতে লিখিত আবেদন করতে পারবেন"
how_to_complain_not_getting_help_from_election_office,"আপনি যদি কোনো থানা/উপজেলা নির্বাচন অফিসের বিরুদ্ধে অভিযোগ দাখিল করতে চান সেক্ষেত্রে, সংশ্লিষ্ট “জেলা নির্বাচন আফিসার” বরাবর লিখিত অভিযোগ করতে পারেন। 
 আপনি যদি কোনো জেলা নির্বাচন অফিসের বিরুদ্ধে অভিযোগ দাখিল করতে চান সেক্ষেত্রে, সংশ্লিষ্ট “আঞ্চলিক নির্বাচন আফিসার” বরাবর লিখিত অভিযোগ করতে পারেন।  
 আপনি যদি কোনো আঞ্চলিক নির্বাচন অফিসের বিরুদ্ধে অভিযোগ দাখিল করতে চান সেক্ষেত্রে, “মহাপরিচালক, জাতীয় পরিচয় নিবন্ধন অনুবিভাগ” বরাবর লিখিত অভিযোগ করতে পারেন।"
cell_phone_number_correct_or_add_document_new,বিটিসিএল এর প্রত্যয়ন বা বিলের কপি বা সিম রেজিষ্ট্রেশন ফরম এর কপি বা মোবাইল ফোন অপারেটর কর্তৃক প্রত্যয়ন।
passport_number_correct_or_add_document_new,মেয়াদ সম্বলিত পাসপোর্ট এর সত্যায়িত কপি দাখিলপূর্বক আবেদন করতে হবে।
birth_certificate_number_correct_or_add_document_new,অনলাইন জন্ম সনদ এর কপি দাখিলপূর্বক আবেদন করতে হবে।
parent_spouse_name_correct_or_add_document_new,পিতা বা মাতা বা স্বামী বা স্ত্রীর এনআইডি কার্ডের কপি দাখিলপূর্বক আবেদন করতে হবে।
address_cahgne_but_no_post_office_or_office_code,এক্ষেত্রে সংশ্লিষ্ট উপজেলা/থানা নির্বাচন অফিসে যোগাযোগ করুন।
correction_applied_but_no_category,"দয়া করে অপেক্ষা করুন, ক্যাটাগরি প্রদানের কাজটি একটি চলমান প্রক্রিয়া, আবেদনের ভিত্তিতে পর্যায়ক্রমে ক্যাটাগরি প্রদান করা হচ্ছে। প্রয়োজনে সংশ্লিষ্ট আঞ্চলিক নির্বাচন অফিসে যোগাযোগ করুন।"
wrongly_dead_declared,পিতা/মাতা/স্বামী/স্ত্রী’র এনআইডি দাখিলপূর্বক অনলাইনে সংশোধনের আবেদন করুন।
correction_fee_payment,"অনুমোদিত মোবাইল ব্যাংকিং সেবা (বিকাশ, রকেট, ওকে ওয়ালেট, টি-ক্যাশ, উপায়, মিউচুয়াল ট্রাষ্ট ব্যাংক, ফাষ্ট সিকিউরিটি ইসলামী ব্যাংক, সাউথইষ্ট ব্যাংক, ব্যাংক অফ কমার্স) থেকে নির্ধারিত অপশন এর মাধ্যমে জমা দেওয়া যায়।"
correction_fee_submitted_but_balance_zero,আপনার এই প্রশ্নের উত্তরটি জানতে ৯ বাটন চেপে কল সেন্টার প্রতিনিধির সঙ্গে সরাসরি কথা বলুন।
husband_talak_name_remove,তালাকনামা (ইসলাম ধর্ম ব্যতীত অন্যান্য ধর্মাবলম্বীদের জন্য বিবাহ বিচ্ছেদের এফিডেভিট) সংযুক্ত করে অনলাইনে সংশোধন আবেদন করতে হবে।
husband_name_previous_card,বর্তমানে জাতীয় পরিচয়পত্রে স্বামীর নাম দৃশ্যমান থাকে না। স্বামীর নাম জাতীয় পরিচয়পত্র ডাটাবেজে সংরক্ষিত থাকে।
correction_application_rejected_need_new_fee,"হ্যাঁ, প্রতিবার আবেদন করার জন্য নির্ধারিত হারে ফিস জমা দিতে হবে।"
card_correction_one_information_maximum_limit,জাতীয় তথ্য ভান্ডারে রক্ষিত তথ্য প্রয়োজনীয় দলিলাদির ভিত্তিতে সাধারণত একবার সংশোধন করা হয়। তবে উপযুক্ত দলিলাদি উপস্থাপন সাপেক্ষে পুনরায় আবেদন করলে কর্তৃপক্ষ যাচাই-বাছাই করে সিদ্ধান্ত গ্রহণ করতে পারে।
all_documents_correct_but_application_rejected_why,অনুগ্রহপূর্বক আবেদন বাতিলের কারণ জানতে সংশ্লিষ্ট নির্বাচন কর্মকর্তার সাথে যোগাযোগ করুন। বাতিলের যৌক্তিক কারণ না থাকলে সংশ্লিষ্ট নির্বাচন কর্মকর্তার পরামর্শ অনুযায়ী পুনরায় আবেদন করা যেতে পারে।
how_many_wife_name_can_be_added_in_nid_card,বর্তমানে ০৪ জন স্ত্রীর নাম এনআইডি ডাটাবেজে সংযোজন করা যায়। এক্ষেত্রে নিকাহনামা (বিবাহের প্রত্যয়ন) এবং স্ত্রীর এনআইডি সহ সংশ্লিষ্ট থানা/উপজেলা নির্বাচন অফিসে আবেদন জমা দিতে হবে।
correction_application_status,আপনার এই প্রশ্নের উত্তরটি জানতে ৯ বাটন চেপে কল সেন্টার প্রতিনিধির সঙ্গে সরাসরি কথা বলুন।
profession_change,পেশা পরিবর্তনের স্বপক্ষে প্রয়োজনীয় প্রমাণক দাখিলপূর্বক আবেদন করতে হবে।
photo_correction,এক্ষেত্রে সংশ্লিষ্ট উপজেলা/থানা নির্বাচন অফিসে স্বশরীরে উপস্থিত হয়ে আবেদন করতে হবে।
parents_or_spouse_death_related_documents_to_declare_death,"দুঃখিত, জাতীয় পরিচয় নিবন্ধন কর্তৃপক্ষের সিদ্ধান্ত অনুযায়ী কোন ব্যক্তির নামের পূর্বে ‘মৃত’ শব্দটি জাতীয় পরিচয়পত্রে ব্যবহার করা যাবে না।"
educational_qualification_correction,"চাহিত শিক্ষাগত যোগ্যতা চেয়ে আপনি এসএসসি পাশ করেননি, ভুলক্রমে লিখেছিলেন মর্মে ম্যাজিষ্ট্রেট কর্তৃক প্রদত্ত হলফনামা, অনলাইন জন্ম নিবন্ধন সনদ, পাসপোর্ট ও অন্যান্য প্রয়োজনীয় দলিলাদি দাখিলপূর্বক আবেদন করতে হবে। "
nid_information_misentry_correction_procedure,সংশ্লিষ্ট থানা/উপজেলা নির্বাচন অফিসে যোগাযোগ করে ডেমোগ্রাফিক তথ্য সংশোধনের স্বপক্ষে পর্যাপ্ত দলিলাদি উপস্থাপন করে আবেদন করতে হবে। এক্ষেত্রে বায়োমেট্রিক যাচাই সাপেক্ষে সংশ্লিষ্ট নির্বাচন কর্মকর্তা পরবর্তী করণীয় সম্পর্কে পরামর্শ প্রদান করবেন।
signature_correction,নতুন স্বাক্ষরের স্বপক্ষে  যৌক্তিক দলিলাদিসহ সংশ্লিষ্ট উপজেলা/থানা নির্বাচন অফিসে স্বশরীরে উপস্থিত হয়ে আবেদন করতে হবে।
voter_slip_lost_how_to_get_new_card,সংশ্লিষ্ট জেলা নির্বাচন অফিসে গিয়ে বায়োমেট্রিক যাচাইয়ের মাধ্যমে এনআইডি নম্বর সংগ্রহ করুন এবং এনআইডি কার্ড উত্তোলন করুন।
voter_slip_lost_how_to_get_nid,সংশ্লিষ্ট উপজেলা/থানা নির্বাচন অফিস গিয়ে এনআইডি নম্বর সংগ্রহ করে অনলাইনে রি-ইস্যু আবেদন করতে হবে। যদি এনআইডি নম্বর জানা থাকে তাহলে সরাসরি অনলাইনে আবেদন করুন।
card_damaged_how_to_get_new_card,এনআইডি নম্বর জানা থাকলে সরাসরি অনলাইনে আবেদন করুন।
card_lost_and_damaged_cost,"হ্যাঁ, নতুন এনআইডি কার্ড পেতে নির্ধারিত ফি জমা দিয়ে অনলাইনে আবেদন করুন।"
card_lost_new_card_fee,এনআইডি অনলাইন পোর্টালে প্রবেশ করে ফিস ট্যাবের মাধ্যমে আপনার নির্দিষ্ট আবেদনের ফী এর পরিমাণ জেনে নিন।
smart_card_lost_reissue,দুঃখিত। ভোটারযোগ্য সকল নাগরিকের হাতে একবার স্মার্টকার্ড পৌঁছানোর পর স্মার্টকার্ড রিপ্রিন্টের বিষয়ে সিদ্ধান্ত গ্রহণ করা হবে।
reissue_supporting_document,শুধুমাত্র নির্ধারিত ফি জমা দিয়ে অনলাইনে রি-ইস্যু’র আবেদন করতে হবে।
card_lost_no_info_how_to_get_new,সংশ্লিষ্ট উপজেলা/থানা নির্বাচন অফিসে গিয়ে এনআইডি নম্বর সংগ্রহ করে অনলাইনে রি-ইস্যু আবেদন করতে হবে।
voter_migration_done_now_what_to_do_for_reissue,নির্ধারিত ফি জমা দিয়ে অনলাইনে রিইস্যু আবেদন করুন।
new_card_got_old_card_found_what_to_do,"আপনি কার্ডটি সতর্কতার সাথে সংরক্ষণ করুন, যাতে কার্ডটির অপব্যবহার না হয়।"
voter_card_damaged,না। এক্ষেত্রে জিডি’র প্রয়োজন নেই। যদি এনআইডি নম্বর জানা থাকে তাহলে নির্ধারিত ফি দিয়ে অনলাইনে রি-ইস্যু আবেদন করুন।
reissue_apply_why_pending_and_urgent_reissue_seven_days_over,"আন্তরিকভাবে দুঃখিত, আপনি সংশ্লিষ্ট উপজেলা/থানা নির্বাচন অফিসে যোগাযোগ করুন।"
new_voter_got_normal_card_when_get_smart_card,স্মার্ট কার্ড সাধারণত উপজেলা ভিত্তিক মুদ্রণ করা হয়ে থাকে। আপনার এলাকায় স্মার্ট কার্ড বিতরণ শুরু হলে থানা/উপজেলা নির্বাচন অফিসে যোগাযোগ করুন।
smart_card_status,আপনার এই প্রশ্নের উত্তরটি জানতে ৯ বাটন চেপে কল সেন্টার প্রতিনিধির সঙ্গে সরাসরি কথা বলুন।
smart_card_distributed_in_my_area_but_my_card_not_received,সংশ্লিষ্ট থানা/উপজেলা নির্বাচন অফিস থেকে স্মার্ট কার্ড মুদ্রণ সম্পর্কিত তথ্য জেনে নিন।
smart_card_print_problem,"ডাটাবেজে তথ্য যথাযথভাবে না থাকার কারণে স্মার্ট কার্ড মু্দ্রণ হয় না, কারণ জানতে ৯ চাপুন।"
smart_card_from_where,আপনার এই প্রশ্নের উত্তরটি জানতে ৯ বাটন চেপে কল সেন্টার প্রতিনিধির সঙ্গে সরাসরি কথা বলুন।
smart_card_fee,প্রথমবার স্মার্ট কার্ড নিতে কোন ফি দিতে হবে না।
smart_card_collect_by_other,আপনার স্মার্ট কার্ডটি সংগ্রহ করার সময় আপনার চোখের আইরিশ ও দশ আঙ্গুলের ছাপ গ্রহণ করা হবে। সুতরাং যার কার্ড তাকেই সংগ্রহ করতে হবে।
smart_card_ready_sms,"না, তবে নির্দিষ্ট এলাকায় স্মার্টকার্ড বিতরণকালীন সময় প্রচারনা চালানো হয়।"
smart_card_selected_but_get_pdf,"আন্তরিকভাবে দুঃখিত, এই মুহুর্তে স্মার্টকার্ড রি-প্রিন্টের সুযোগ নেই।"
not_getting_smart_card_though_newer_voter_getting,সংশ্লিষ্ট উপজেলা/থানা/জেলা নির্বাচন অফিসে যোগাযোগ করুন।
no_husband_name_in_smart_card,আন্তর্জাতিক মানদন্ড বজায় রাখার জন্য জাতীয় পরিচয়পত্রে শুধুমাত্র পিতামাতার নাম প্রদর্শিত হয়। স্বামীর নামসহ অন্যান্য তথ্যাদি এনআইডি সার্ভারে সংরক্ষিত থাকে।
smart_card_lost_how_to_get_new_one_again,"আন্তরিকভাবে দুঃখিত, এই মুহুর্তে স্মার্টকার্ড রি-প্রিন্টের সুযোগ নেই।"
smart_card_printing_status_sms_how,আপনার এই প্রশ্নের উত্তরটি জানতে ৯ বাটন চেপে কল সেন্টার প্রতিনিধির সঙ্গে সরাসরি কথা বলুন।
present_and_permanent_address_generic_new,বর্তমান ঠিকানা সংশোধনের জন্য (১) নাগরিকত্ব সনদ (২) ইউটিলিটি বিলের কপি (গ্যাস/বিদ্যুৎ/পানি) (৩) ভূমি উন্নয়ন ট্যাক্স পরিশোধের রশিদ/ চৌকিদারী রশিদ দিতে হবে।
permanent_address_new,"স্থায়ী ঠিকানা পরিবর্তনের জন্য প্রয়োজনীয় দলিলাদি
 (১) অনলাইন জন্ম নিবন্ধন সনদ।
 (২) নাগরিকত্ব সনদ।
 (৩) স্থায়ী ঠিকানার ইউটিলিটি বিলের কপি (গ্যাস/বিদ্যুৎ/পানি)।
 (৪) ভূমি উন্নয়ন ট্যাক্স পরিশোধের রশিদ/ চৌকিদারী রশিদ।
 (৫) পিতা/মাতা/ স্বামী/স্ত্রীর এনআইডি।
 (৬) ফ্ল্যাট/জমির দলিলাদি।"
persent_address_correction_procedure,"আপনি যদি স্থায়ী ঠিকানায় ভোটার হয়ে থাকেন, তাহলে বর্তমান ঠিকানা সংশোধন আবেদন অনলাইনে করা যাবে।"
permanent_address_update_procedure,"আপনি যদি বর্তমান ঠিকানায় ভোটার হয়ে থাকেন, তাহলে স্থায়ী ঠিকানা সংশোধনের আবেদন অনলাইনে করা যাবে।"
together_present_and_permanent_address_change,"না, উভয় ক্ষেত্রে ভিন্ন ভিন্ন আবেদন করতে হবে।"
no_upzila_in_permananet_address,সংশ্লিষ্ট উপজেলা নির্বাচন অফিসে সংশোধন ফরম (ফরম-২) এর মাধ্যমে আবেদন করতে হবে।
present_address_change_process_duration,বর্তমান ঠিকানা পরিবর্তন সংক্রান্ত আবেদন সাধারণত ত্রিশ কার্যদিবসের মধ্যে নিষ্পন্ন করা হয়ে থাকে।
permanent_address_change_process_duration,"স্থায়ী ঠিকানা পরিবর্তনের বিষয়টি তদন্ত সাপেক্ষ বিষয় হওয়ায়, তদন্ত প্রতিবেদন প্রাপ্তি সাপেক্ষে নিষ্পত্তি করা হয়।"
card_avail_after_address_change,নির্ধারিত ফি প্রদানপূর্বক জাতীয় পরিচয়পত্র রি-ইস্যুর জন্য অনলাইনে আবেদন করতে হবে।
necessary_documents_to_modify_voter_area,"ভোটার এলাকা পরিবর্তনের জন্য প্রয়োজনীয় দলিলাদি 
 (ক) যে এলাকায় স্থানান্তরিত হবেন সে এলাকার চেয়ারম্যান/ মেয়র/ কাউন্সিলর কর্তৃক নাগরিকত্ব সনদ।
 (খ) ইউটিলিটি বিলের কপি (গ্যাস/বিদ্যুৎ/পানি)।
 (গ) যে এলাকায় স্থানান্তরিত হবেন, সেই এলাকায় নিজ নামে বা পিতার নামে মাঠ পর্চা/ জমির দলিল/ভূমি উন্নয়ন ট্যাক্স পরিশোধের রশিদ।
 (ঘ) আবেদনকারীর জাতীয় পরিচয়পত্রের কপি।"
address_change_online_new,"হ্যাঁ, করা যাবে। তবে ঠিকানা পরিবর্তনের কারণে যদি ভোটার এলাকা পরিবর্তন হয় সেক্ষেত্রে সংশ্লিষ্ট উপজেলা/থানা নির্বাচন অফিসে স্বশরীরে উপস্থিত হয়ে আবেদন করতে হবে।"
address_change_sms_to_mobile_how_many_days_to_get_approved,আপনার এই প্রশ্নের উত্তরটি জানতে ৯ বাটন চেপে কল সেন্টার প্রতিনিধির সঙ্গে সরাসরি কথা বলুন।
address_change_card_download_process,ভোটার এলাকা পরিবর্তন হলে জাতীয় পরিচয় পত্র প্রদান করা হয় না। তবে নতুন ঠিকানায় এনআইডি কার্ড পেতে নির্ধারিত ফি প্রদান করে অনলাইনে রি-ইস্যুর আবেদন করতে হবে।
address_change_counselor_chairperson_signature,ভোটার এলাকা স্থানান্তর করতে ইউনিয়ন পর্যায় চেয়ারম্যান/মেম্বার এবং পৌরসভা বা সিটিকর্পোরেশনের ক্ষেত্রে মেয়র/কাউন্সিলরের জাতীয় পরিচয়পত্র নম্বর উল্লেখপূর্বক স্বাক্ষর নিতে হবে।
voter_area_query,সংশ্লিষ্ট উপজেলা/থানা নির্বাচন অফিসের সহযোগিতা গ্রহণ করুন।
voter_area_change,আপনি যে এলাকায় যেতে চান সেই সংশ্লিষ্ট উপজেলা/ থানা নির্বাচন অফিসে স্বশরীরে উপস্থিত হয়ে স্থানান্তর ফর্ম-১৩ পূরণ করে প্রয়োজনীয় দলিলাদিসহ আবেদন করুন।
utility_bill_not_available_for_address_proof,"পিতা/মাতা বা স্বামী/স্ত্রীর নামে ইউটিলিটি বিলের কপি দেওয়া যেতে পারে। ভাড়াকৃত বাড়ির ক্ষেত্রে বাড়িওয়ালার নামে ইউটিলিটি বিলের কপি, বাড়ি ভাড়ার চুক্তিপত্র এবং উক্ত এলাকার জনপ্রতিনিধি কর্তৃক নাগরিকত্ব সনদ/ প্রত্যয়নপত্র দাখিল করতে হবে।"
voter_area_change_not_reflected,"আন্তরিকভাবে দুঃখিত, অনুগ্রহপূর্বক সংশ্লিষ্ট থানা/উপজেলা নির্বাচন অফিসে যোগাযোগ করুন।"
voter_area_change_ongoing,"দুঃখিত, একটি আবেদনের কার্যক্রম চলমান থাকা অবস্থায় অন্য কোন বিষয়ের জন্য আবেদন করা যাবে না।"
ministry_provide_dual_citizenship_certificate,দ্বৈত নাগরিকত্ব সনদ স্বরাষ্ট্র মন্ত্রণালয় থেকে প্রদান করা হয়।
whether_nid_card_required_for_dual_citizenship,"এনআইডি কার্ড পেতে দ্বৈত নাগরিকত্ব সনদ প্রয়োজন নেই, তবে পিতা/মাতার বাংলাদেশের এনআইডি কার্ড/মৃত হলে অনলাইন মৃত্যু সনদ/বাংলাদেশী বৈধ পাসপোর্টের কপি প্রয়োজন হবে।"
dual_citizenship_certificate_of_which_countires_not_required_for_nid,"এনআইডি কার্ড পেতে দ্বৈত নাগরিকত্ব সনদ প্রয়োজন নেই, তবে বিশেষ কারণে দ্বৈত নাগরিকত্ব সনদ প্রয়োজন হলে স্বরাষ্ট্র মন্ত্রণালয়ে যোগাযোগ করুন।"
whom_to_communicate_for_dual_citizenship_certificate,"এ বিষয়ে স্বরাষ্ট্র মন্ত্রণালয়ের সুরক্ষা সেবা বিভাগ, বহির্গমন-৩ শাখা এর সাথে যোগাযোগ করা যেতে পারে।"
nid_opportunity_for_foreign_spouse,এক্ষেত্রে সংশ্লিষ্ট বিদেশি নাগরিকের নিজ দেশের নাগরিকত্ব পরিত্যাগের শর্তে স্বরাষ্ট্র মন্ত্রণালয় হতে নাগরিকত্ব সনদ প্রাপ্তি সাপেক্ষে এনআইডি’র জন্য আবেদন করতে পারবেন।
foreign_resident_card_registration_process,"যে সকল দেশে প্রবাসী বাংলাদেশীদের এনআইডি বা ভোটার নিবন্ধন কার্যক্রম চলমান রয়েছে, সেসকল দেশের ক্ষেত্রে ওয়েব পোর্টাল services.nidw.gov.bd/ ভিজিট করে রেজিস্টেশন পূর্বক নিবন্ধন ফর্ম পূরন করুন। অতঃপর উক্ত ফর্মের প্রিন্ট কপি, অনলাইন জন্ম সনদ, পাসপোর্ট এবং পাসপোর্ট সাইজের ছবি নিয়ে এপয়েনমেন্টের তারিখ অনুযায়ী বাংলাদেশ দূতাবাস/এম্বাসী অফিসে এসে বায়োমেট্রিক প্রদান করুন।"
foreign_resident_card_registration_query_country_limitation,"বর্তমানে সংযুক্ত আরব আমিরাত, সৌদি আরব, কাতার, মালয়েশিয়া, কুয়েত, যুক্তরাজ্য, ইতালি, অস্ট্রেলিয়া ও কানাডায় প্রবাসী বাংলাদেশীদের ভোটার নিবন্ধন ও এনআইডি বিতরণ কার্যক্রম চালু রয়েছে।"
foreign_resident_card_registration_required_documents,"দূতাবাসে ভোটার নিবন্ধন করতে হলে পূরণকৃত ফরম (২ক) এর প্রিন্ট কপি, অনলাইন জন্ম সনদ, পাসপোর্ট এবং পাসপোর্ট সাইজের ছবি প্রয়োজন লাগবে।"
foreign_resident_multiple_registration_new,"আপনি বাংলাদেশে ছবিযুক্ত ভোটার তালিকায় অন্তর্ভূক্ত হয়ে থাকলে প্রবাসে নিবন্ধনের প্রয়োজন নেই।
 মনে রাখবেন, একাধিকবার নিবন্ধন করা আইনত দণ্ডনীয় অপরাধ।"
nrb_application_status,আপনার এই প্রশ্নের উত্তরটি জানতে ৯ বাটন চেপে কল সেন্টার প্রতিনিধির সঙ্গে সরাসরি কথা বলুন।
foreign_resident_passport_expaired_card_registration_process,"দুঃখিত, পাসপোর্টের মেয়াদ উত্তীর্ণ হলে প্রবাসে  এনআইডি বা ভোটার নিবন্ধন করা যায় না।"
foreign_resident_action_after_biometrics_new,আপনার এই প্রশ্নের উত্তরটি জানতে ৯ বাটন চেপে কল সেন্টার প্রতিনিধির সঙ্গে সরাসরি কথা বলুন।
foreign_resident_card_picture_done_not_inquery_from_upzilla_new,"আপনি নিজে অথবা আপনার প্রতিনিধি অথবা আপনার আত্মীয়ের মাধ্যমে সংশ্লিষ্ট উপজেলা/থানা নির্বাচন অফিসে যোগাযোগ করতে হবে। যদি উপজেলা/থানা নির্বাচন অফিসার ইতোমধ্যে এ বিষয়ে সরেজমিন তদন্ত করে থাকেন, তাহলে তিনি প্রতিবেদন দাখিল করবেন।"
foreign_resident_card_picture_done__inquery_done_no_msg_new,আপনার এই প্রশ্নের উত্তরটি জানতে ৯ বাটন চেপে কল সেন্টার প্রতিনিধির সঙ্গে সরাসরি কথা বলুন।
foreign_resident_card_collection,প্রবাসী বাংলাদেশীদের নিবন্ধন সম্পন্ন হলে অনলাইন থেকে এনআইডি এর একটি pdf কপি ডাউনলোড করে ব্যবহার করতে পারবেন। দেশভিত্তিক স্মার্ট এনআইডি কার্ড মুদ্রণ পূর্বক সংশ্লিষ্ট দূতাবাসে প্রেরণের মাধ্যমে বিতরণ করা হয়ে থাকে।
foreign_resident_card_registration_rejected,"কোন ব্যক্তি একাধিকবার ভোটার নিবন্ধনের চেষ্টা করলে আবেদন বাতিল হতে পারে। তবে অন্য কোন কারণে বাতিল হলে তা জানতে সংশ্লিষ্ট দূতাবাস অথবা এনআইডি উইং, নিবন্ধন ও প্রবাসী অধিশাখায় যোগাযোগ করুন।"
foreign_resident_nid_adjudication_pending,"আপনার বায়োমেট্রিকস যাচাইয়ের কার্যক্রম চলমান আছে। অনুগ্রহপূর্বক অপেক্ষা করুন।  
 দীর্ঘদিন যাবত আবেদন পেন্ডিং থাকলে অনুগ্রহপূর্বক আপনার কোনো নিকটাত্মীয়ের মাধ্যমে বাংলাদেশে অবস্থিত উপজেলা/থানা নির্বাচন অফিসে যোগাযোগ করতে পারেন।"
,যোগাযোগের ঠিকানাঃ “*****”
card_reissue_fees,"সাধারণঃ (৩০ কার্যদিবস এর মধ্যে প্রাপ্তি) ১ম বার আবেদনের ক্ষেত্রে ২৩০ (ভ্যাটসহ) টাকা, ২য় বার আবেদনের ক্ষেত্রে ৩৪৫ (ভ্যাটসহ) টাকা, পরবর্তী প্রতিবার আবেদনের ক্ষেত্রে ৫৭৫ (ভ্যাটসহ) টাকা ফিস দিতে হবে। 
  জরুরীঃ (০৭ কার্যদিবস এর মধ্যে প্রাপ্তি) ১ম বার আবেদনের ক্ষেত্রে ৩৪৫ (ভ্যাটসহ) টাকা, ২য় বার আবেদনের ক্ষেত্রে ৫৭৫ (ভ্যাটসহ) টাকা, পরবর্তী প্রতিবার আবেদনের ক্ষেত্রে ১১৫০ (ভ্যাটসহ) টাকা ফিস দিতে হবে।"
permanent_address_change_fees,ঠিকানা পরিবর্তনের কারণে অর্থাৎ মাইগ্রেশন আবেদনের জন্য কোন প্রকার ফি দিতে হয় না। তবে নতুন ঠিকানায় এনআইডি কার্ড পেতে ফি দিতে হবে।
bkash_mfs_payment_process,মোবাইল ব্যাংকিংয়ের মাধ্যমে বিকাশের ক্ষেত্রে “পে বিল” অপশনে গিয়ে “এনআইডি সার্ভিস” অপশন থেকে এনআইডি ফি প্রদান করা যাবে।
rocket_mfs_payment_process,মোবাইল ব্যাংকিংয়ের মাধ্যমে রকেটের ক্ষেত্রে “বিল পে” অপশনে গিয়ে “ইসি বাংলাদেশ” অপশন থেকে এনআইডি ফি প্রদান করা যাবে।
smart_card_collection_fees,"না, স্মার্ট কার্ড উত্তোলনের জন্য কোন ফি জমা দিতে হয় না। তবে পূর্বের পেপার লেমিনেটেড এনআইডি কার্ড অথবা ভোটার নিবন্ধন স্লিপ নিয়ে সংশ্লিষ্ট উপজেলা/থানা অফিসে যোগাযোগ করতে হবে।"
card_correction_request_failed_query_regarding_repayment_fees,প্রতিবার আবেদনের ক্ষেত্রে নির্ধারিত পরিমাণ ফি জমা দিতে হয়।
card_correction_request_failed_query_regarding_refund_fees,"দুঃখিত, আপনার জমাকৃত আবেদনের বিপরীতে ফি ফেরত পাওয়ার সুযোগ নেই।"
card_correction_request_canceled_by_consumer_regarding_refund_fees,"দুঃখিত, এনআইডি ওয়ালেটে একবার ফি জমা হয়ে গেলে সেটি ফেরত পাওয়ার সুযোগ নেই। তবে জমাকৃত ফি ব্যবহৃত না হয়ে থাকলে পরবর্তীতে একই জাতীয় পরিচয়পত্রের বিপরীতে ব্যবহার করা যাবে।"
card_correction_fees_payment_reference_nid_number_query,আপনি ১৭ অথবা ১০ ডিজিট যেকোন এনআইডি নম্বর ব্যবহার করে ফি জমা দিতে পারবেন।
double_voter_registration_issue,সংশ্লিষ্ট উপজেলা/ থানা নির্বাচন অফিসে যোগাযোগ করুন।
fingerprint_error_info_not_found,আপনার ফিঙ্গারপ্রিন্টে সমস্যা থাকলে তা সংশ্লিষ্ট থানা/উপজেলা নির্বাচন অফিসে গিয়ে আপডেট করুন। তবে একাধিকবার প্রচেষ্টা সত্বেও ফিঙ্গারপ্রিন্ট ক্যাপচার না করা গেলে এনআইডি উইং হতে অনাপত্তি পত্র/ প্রত্যয়নপত্র নেয়া যেতে পারে।
finderprint_adjudication_pending,অনুগ্রহপূর্বক অপেক্ষা করুন। তবে দীর্ঘদিন পেন্ডিং থাকলে আপনি এনআইডি উইং এর কারিগরি অধিশাখায় যোগাযোগ করতে পারেন।
nid_adjudication_pending,"অনুগ্রহপূর্বক অপেক্ষা করুন। তবে দীর্ঘদিন আবেদন পেন্ডিং থাকলে আপনার অনলাইন জন্ম সনদ, এসএসসি সনদ (যদি থাকে), মাতার এনআইডি কার্ডের কপিসহ এনআইডি উইং এর কারিগরি অধিশাখায় যোগাযোগ করতে পারেন।"
nid_digit_format_missmatch_in_passport,আপনার তথ্যটি সঠিক নয়। পাসপোর্ট অফিস থেকে ১০ বা ১৭ ডিজিট এনআইডি নম্বর দ্বারা ভেরিফাই করা সম্ভব।
softwere_bug_in_card_processing_system,এনআইডি সংশোধন/ রি-ইস্যু আবেদনের ক্ষেত্রে কারিগরী সমস্যার কারণে এই সমস্যা তৈরি হয়ে থাকতে পারে। এমতাবস্থায় ০ বাটন চেপে আপনার অভিযোগটি রেকর্ড করুন। আশা করা যায় শীঘ্রই আপনার প্রদত্ত ফি পুণঃব্যবহারের উপযোগী হবে।
ten_digit_nid_password_changing_problem,"আপনি পূর্বে ১৩/১৭ ডিজিট এনআইডি নম্বর ব্যবহার করেছেন, সেটি এখনো ব্যবহারযোগ্য আছে। ১০ ডিজিট এনআইডি নম্বরের পরিবর্তে ১৩/১৭ ডিজিট এনআইডি নম্বর প্রয়োজন হলে সংশ্লিষ্ট উপজেলা/ থানা নির্বাচন অফিসে যোগাযোগ করুন।"
card_lock,অনুগ্রহপূর্বক ০ বাটন চেপে আপনার অভিযোগটি রেকর্ড করুন। আশা করা যায় শীঘ্রই আপনার সমস্যাটি সমাধান হয়ে যাবে।
greeting_and_request_for_question,"জাতীয় পরিচয়পত্র তথ্য সার্ভিসে আপনাকে স্বাগতম। আমি জুঁই, আপনাকে জাতীয় পরিচয়পত্র বিষয়ক কি তথ্য দিয়ে সাহায্য করতে পারি?"
request_for_clear_pronunciation,"আমি আন্তরিকভাবে দুঃখিত, আপনার প্রশ্নটি স্পষ্ট নয়। অনুগ্রহ করে সঠিকভাবে পুনরায় প্রশ্নটি করুন।"
ask_if_any_other_questions,আপনাকে আর কোন তথ্য দিয়ে সহযোগিতা করতে পারি!
request_for_feedback_or_suggestions,"আমাদের সেবা সহজীকরণে আপনার মূল্যবান মতামত বা পরামর্শ জানালে কৃতজ্ঞ হবো। আপনি সেবা পেয়ে সন্তুষ্ট হলে, ১ চাপুন। আংশিক সন্তুষ্ট হলে, ২ চাপুন এবং অসন্তুষ্ট হলে, ৩ চাপুন।"
closing_statement,জাতীয় পরিচয়পত্র তথ্য সার্ভিসে কল করার জন্য আপনাকে ধন্যবাদ।
delayed_question_prompt,"দুঃখিত, আমি আপনার প্রশ্নের জন্য অপেক্ষা করছি। অনুগ্রহপূর্বক আপনার প্রশ্নটি করুন।"
warning_to_prank_caller,"‘জাতীয় পরিচয় তথ্য সেবা ১০৫’ একটি গুরুত্বপূর্ণ সরকারি সেবা। এখানে অপ্রয়োজনীয় ও অপ্রাসঙ্গিক কল করা থেকে বিরত থাকুন, অনুগ্রহপূর্বক অন্যকে সেবা নিতে সহায়তা করুন।"
transfer_call_to_human_due_to_inability_to_answer,"দুঃখিত, আপনার প্রশ্নের উত্তরটি আমার জানা নেই। আপনার এই প্রশ্নের উত্তর জানতে ৯ চেপে আমাদের প্রতিনিধির সাথে কথা বলুন।"
representative_contact_outside_business_hours,"আন্তরিকভাবে দুঃখিত, আমাদের প্রতিনিধির সাথে সরাসরি কথা বলার নির্ধারিত সময়, সরকারি ছুটির দিন ব্যতীত প্রতি রবি থেকে বৃহস্পতিবার সকাল ৮টা থেকে রাত ৮টার পূর্ব পর্যন্ত। অনুগ্রহপূর্বক নির্ধারিত সময়ের মধ্যে কল করুন।"
agent_calling,আপনার কলটি একজন লাইভ এজেন্ট এর কাছে ট্রান্সফার করা হচ্ছে।
goodbye,বিদায়! আপনার দিনটা সুন্দর কাটুক।
greetings,আমি আপনাকে কিভাবে সাহায্য করতে পারি?
repeat_again,জি ধন্যবাদ। আমি উত্তরটি আবার বলছি।
service_provided,"আমি জাতীয় পরিচয়পত্র সংশোধন, তথ্য পরিবর্তন, হারানো আইডি কার্ড পুনঃপ্রাপ্তি, তথ্য আপডেটসহ বিভিন্ন এনআইডি কার্ড এবং নির্বাচন কমিশন সম্পর্কিত প্রশ্নের উত্তর ও প্রয়োজনীয় তথ্য সরবরাহ করি,আপনার নির্দিষ্ট প্রশ্ন জিজ্ঞাসা করুন।"
